Country Name,Sector,Count
Albania,"Engines, pumps, turbines",3
Albania,Mechanical elements,1
Albania,Civil engineering,1
Algeria,"Electrical machinery, apparatus, energy",1
Algeria,Medical technology,2
Algeria,"Furniture, games",1
Andorra,Medical technology,1
Andorra,Basic materials chemistry,1
Andorra,Thermal processes and apparatus,2
Andorra,Mechanical elements,1
Antigua and Barbuda,Digital communication,30
Antigua and Barbuda,Computer technology,8
Antigua and Barbuda,IT methods for management,13
Antigua and Barbuda,Control,1
Argentina,"Electrical machinery, apparatus, energy",2
Argentina,Audio-visual technology,1
Argentina,Telecommunications,3
Argentina,Digital communication,1
Argentina,Computer technology,2
Argentina,Measurement,3
Argentina,Medical technology,16
Argentina,Organic fine chemistry,2
Argentina,Biotechnology,4
Argentina,Pharmaceuticals,23
Argentina,Food chemistry,2
Argentina,Basic materials chemistry,4
Argentina,Chemical engineering,12
Argentina,Environmental technology,1
Argentina,Handling,1
Argentina,Machine tools,2
Argentina,"Engines, pumps, turbines",2
Argentina,Textile and paper machines,2
Argentina,Other special machines,15
Argentina,Thermal processes and apparatus,1
Argentina,Mechanical elements,2
Argentina,Transport,6
Argentina,"Furniture, games",1
Argentina,Other consumer goods,2
Argentina,Civil engineering,8
Armenia,Audio-visual technology,1
Armenia,Computer technology,1
Armenia,Optics,1
Armenia,Control,1
Armenia,Medical technology,1
Armenia,"Materials, metallurgy",8
Armenia,Chemical engineering,1
Armenia,Environmental technology,1
Armenia,Textile and paper machines,1
Armenia,Thermal processes and apparatus,1
Armenia,"Furniture, games",8
Australia,Unknown,1
Australia,"Electrical machinery, apparatus, energy",179
Australia,Audio-visual technology,98
Australia,Telecommunications,43
Australia,Digital communication,102
Australia,Basic communication processes,8
Australia,Computer technology,261
Australia,IT methods for management,67
Australia,Semiconductors,30
Australia,Optics,54
Australia,Measurement,195
Australia,Analysis of biological materials,48
Australia,Control,222
Australia,Medical technology,627
Australia,Organic fine chemistry,97
Australia,Biotechnology,194
Australia,Pharmaceuticals,319
Australia,"Macromolecular chemistry, polymers",32
Australia,Food chemistry,60
Australia,Basic materials chemistry,114
Australia,"Materials, metallurgy",140
Australia,"Surface technology, coating",61
Australia,Micro-structural and nano-technology,12
Australia,Chemical engineering,166
Australia,Environmental technology,79
Australia,Handling,180
Australia,Machine tools,74
Australia,"Engines, pumps, turbines",87
Australia,Textile and paper machines,25
Australia,Other special machines,203
Australia,Thermal processes and apparatus,62
Australia,Mechanical elements,114
Australia,Transport,196
Australia,"Furniture, games",208
Australia,Other consumer goods,121
Australia,Civil engineering,464
Austria,"Electrical machinery, apparatus, energy",763
Austria,Audio-visual technology,176
Austria,Telecommunications,39
Austria,Digital communication,84
Austria,Basic communication processes,61
Austria,Computer technology,129
Austria,IT methods for management,21
Austria,Semiconductors,299
Austria,Optics,109
Austria,Measurement,355
Austria,Analysis of biological materials,41
Austria,Control,159
Austria,Medical technology,276
Austria,Organic fine chemistry,45
Austria,Biotechnology,106
Austria,Pharmaceuticals,150
Austria,"Macromolecular chemistry, polymers",382
Austria,Food chemistry,39
Austria,Basic materials chemistry,91
Austria,"Materials, metallurgy",221
Austria,"Surface technology, coating",135
Austria,Micro-structural and nano-technology,10
Austria,Chemical engineering,176
Austria,Environmental technology,98
Austria,Handling,340
Austria,Machine tools,326
Austria,"Engines, pumps, turbines",186
Austria,Textile and paper machines,151
Austria,Other special machines,469
Austria,Thermal processes and apparatus,129
Austria,Mechanical elements,241
Austria,Transport,537
Austria,"Furniture, games",282
Austria,Other consumer goods,148
Austria,Civil engineering,612
Azerbaijan,Measurement,8
Azerbaijan,Medical technology,33
Azerbaijan,Organic fine chemistry,16
Azerbaijan,Pharmaceuticals,33
Azerbaijan,"Macromolecular chemistry, polymers",8
Azerbaijan,Basic materials chemistry,32
Azerbaijan,"Materials, metallurgy",16
Azerbaijan,Chemical engineering,8
Azerbaijan,Environmental technology,8
Azerbaijan,"Engines, pumps, turbines",16
Azerbaijan,Civil engineering,56
Bahamas,"Electrical machinery, apparatus, energy",1
Bahamas,Computer technology,2
Bahamas,IT methods for management,3
Bahamas,Measurement,2
Bahamas,Analysis of biological materials,3
Bahamas,Control,2
Bahamas,Medical technology,1
Bahamas,Organic fine chemistry,1
Bahamas,Biotechnology,3
Bahamas,Pharmaceuticals,4
Bahamas,Basic materials chemistry,1
Bahamas,Handling,1
Bahamas,Transport,1
Bahamas,Other consumer goods,1
Bahrain,Optics,2
Bahrain,Medical technology,1
Bahrain,Pharmaceuticals,1
Bahrain,"Materials, metallurgy",2
Bahrain,"Surface technology, coating",1
Bahrain,Machine tools,1
Bahrain,Other special machines,1
Bangladesh,Biotechnology,2
Bangladesh,Food chemistry,2
Barbados,Unknown,1
Barbados,"Electrical machinery, apparatus, energy",113
Barbados,Audio-visual technology,22
Barbados,Telecommunications,18
Barbados,Digital communication,58
Barbados,Basic communication processes,9
Barbados,Computer technology,48
Barbados,Semiconductors,8
Barbados,Optics,13
Barbados,Measurement,53
Barbados,Control,16
Barbados,Medical technology,38
Barbados,Organic fine chemistry,3
Barbados,Biotechnology,2
Barbados,Pharmaceuticals,8
Barbados,"Macromolecular chemistry, polymers",1
Barbados,Basic materials chemistry,1
Barbados,Chemical engineering,3
Barbados,Environmental technology,12
Barbados,Handling,10
Barbados,Machine tools,7
Barbados,"Engines, pumps, turbines",100
Barbados,Other special machines,6
Barbados,Mechanical elements,10
Barbados,Transport,32
Barbados,"Furniture, games",5
Barbados,Other consumer goods,3
Belarus,"Electrical machinery, apparatus, energy",17
Belarus,Audio-visual technology,8
Belarus,Digital communication,8
Belarus,Computer technology,9
Belarus,IT methods for management,8
Belarus,Measurement,49
Belarus,Analysis of biological materials,10
Belarus,Control,10
Belarus,Medical technology,66
Belarus,Pharmaceuticals,10
Belarus,"Macromolecular chemistry, polymers",8
Belarus,Food chemistry,16
Belarus,Basic materials chemistry,8
Belarus,"Materials, metallurgy",32
Belarus,"Surface technology, coating",11
Belarus,Chemical engineering,32
Belarus,Environmental technology,16
Belarus,Handling,17
Belarus,Machine tools,25
Belarus,"Engines, pumps, turbines",16
Belarus,Other special machines,8
Belarus,Thermal processes and apparatus,8
Belarus,Mechanical elements,52
Belarus,Transport,85
Belarus,"Furniture, games",9
Belarus,Other consumer goods,8
Belarus,Civil engineering,147
Belgium,Unknown,2
Belgium,"Electrical machinery, apparatus, energy",302
Belgium,Audio-visual technology,99
Belgium,Telecommunications,55
Belgium,Digital communication,79
Belgium,Basic communication processes,19
Belgium,Computer technology,151
Belgium,IT methods for management,43
Belgium,Semiconductors,176
Belgium,Optics,198
Belgium,Measurement,261
Belgium,Analysis of biological materials,74
Belgium,Control,63
Belgium,Medical technology,316
Belgium,Organic fine chemistry,352
Belgium,Biotechnology,421
Belgium,Pharmaceuticals,658
Belgium,"Macromolecular chemistry, polymers",121
Belgium,Food chemistry,138
Belgium,Basic materials chemistry,158
Belgium,"Materials, metallurgy",348
Belgium,"Surface technology, coating",150
Belgium,Micro-structural and nano-technology,12
Belgium,Chemical engineering,171
Belgium,Environmental technology,104
Belgium,Handling,167
Belgium,Machine tools,101
Belgium,"Engines, pumps, turbines",236
Belgium,Textile and paper machines,207
Belgium,Other special machines,450
Belgium,Thermal processes and apparatus,101
Belgium,Mechanical elements,204
Belgium,Transport,276
Belgium,"Furniture, games",110
Belgium,Other consumer goods,155
Belgium,Civil engineering,411
Belize,"Electrical machinery, apparatus, energy",6
Belize,Digital communication,3
Belize,Computer technology,1
Belize,Machine tools,1
Bolivia (Plurinational State of),Other consumer goods,1
Bosnia and Herzegovina,"Electrical machinery, apparatus, energy",1
Bosnia and Herzegovina,Digital communication,1
Bosnia and Herzegovina,Measurement,1
Bosnia and Herzegovina,Analysis of biological materials,1
Bosnia and Herzegovina,Civil engineering,1
Brazil,"Electrical machinery, apparatus, energy",80
Brazil,Audio-visual technology,16
Brazil,Telecommunications,26
Brazil,Digital communication,23
Brazil,Basic communication processes,2
Brazil,Computer technology,34
Brazil,IT methods for management,9
Brazil,Semiconductors,9
Brazil,Optics,25
Brazil,Measurement,131
Brazil,Analysis of biological materials,30
Brazil,Control,44
Brazil,Medical technology,132
Brazil,Organic fine chemistry,75
Brazil,Biotechnology,93
Brazil,Pharmaceuticals,178
Brazil,"Macromolecular chemistry, polymers",49
Brazil,Food chemistry,79
Brazil,Basic materials chemistry,71
Brazil,"Materials, metallurgy",67
Brazil,"Surface technology, coating",30
Brazil,Micro-structural and nano-technology,14
Brazil,Chemical engineering,110
Brazil,Environmental technology,56
Brazil,Handling,102
Brazil,Machine tools,43
Brazil,"Engines, pumps, turbines",88
Brazil,Textile and paper machines,27
Brazil,Other special machines,217
Brazil,Thermal processes and apparatus,44
Brazil,Mechanical elements,121
Brazil,Transport,140
Brazil,"Furniture, games",45
Brazil,Other consumer goods,71
Brazil,Civil engineering,133
Brunei Darussalam,Biotechnology,1
Bulgaria,"Electrical machinery, apparatus, energy",46
Bulgaria,Audio-visual technology,4
Bulgaria,Telecommunications,5
Bulgaria,Digital communication,5
Bulgaria,Basic communication processes,3
Bulgaria,Computer technology,7
Bulgaria,IT methods for management,3
Bulgaria,Semiconductors,7
Bulgaria,Optics,2
Bulgaria,Measurement,17
Bulgaria,Analysis of biological materials,1
Bulgaria,Control,4
Bulgaria,Medical technology,11
Bulgaria,Organic fine chemistry,8
Bulgaria,Biotechnology,3
Bulgaria,Pharmaceuticals,21
Bulgaria,"Macromolecular chemistry, polymers",3
Bulgaria,Food chemistry,6
Bulgaria,Basic materials chemistry,2
Bulgaria,"Materials, metallurgy",3
Bulgaria,"Surface technology, coating",6
Bulgaria,Micro-structural and nano-technology,1
Bulgaria,Chemical engineering,12
Bulgaria,Environmental technology,9
Bulgaria,Handling,8
Bulgaria,Machine tools,14
Bulgaria,"Engines, pumps, turbines",16
Bulgaria,Textile and paper machines,6
Bulgaria,Other special machines,19
Bulgaria,Thermal processes and apparatus,5
Bulgaria,Mechanical elements,6
Bulgaria,Transport,33
Bulgaria,"Furniture, games",4
Bulgaria,Other consumer goods,3
Bulgaria,Civil engineering,5
Burundi,Civil engineering,1
Cambodia,"Electrical machinery, apparatus, energy",3
Cambodia,Other special machines,1
Cameroon,Audio-visual technology,1
Cameroon,Pharmaceuticals,1
Cameroon,Other consumer goods,1
Canada,"Electrical machinery, apparatus, energy",485
Canada,Audio-visual technology,231
Canada,Telecommunications,240
Canada,Digital communication,921
Canada,Basic communication processes,51
Canada,Computer technology,925
Canada,IT methods for management,254
Canada,Semiconductors,85
Canada,Optics,142
Canada,Measurement,545
Canada,Analysis of biological materials,89
Canada,Control,256
Canada,Medical technology,786
Canada,Organic fine chemistry,218
Canada,Biotechnology,306
Canada,Pharmaceuticals,511
Canada,"Macromolecular chemistry, polymers",79
Canada,Food chemistry,85
Canada,Basic materials chemistry,214
Canada,"Materials, metallurgy",168
Canada,"Surface technology, coating",172
Canada,Micro-structural and nano-technology,29
Canada,Chemical engineering,350
Canada,Environmental technology,204
Canada,Handling,316
Canada,Machine tools,209
Canada,"Engines, pumps, turbines",397
Canada,Textile and paper machines,74
Canada,Other special machines,594
Canada,Thermal processes and apparatus,166
Canada,Mechanical elements,334
Canada,Transport,608
Canada,"Furniture, games",333
Canada,Other consumer goods,192
Canada,Civil engineering,804
Chile,"Electrical machinery, apparatus, energy",4
Chile,Audio-visual technology,1
Chile,Computer technology,10
Chile,Measurement,5
Chile,Analysis of biological materials,6
Chile,Control,4
Chile,Medical technology,7
Chile,Organic fine chemistry,6
Chile,Biotechnology,12
Chile,Pharmaceuticals,19
Chile,"Macromolecular chemistry, polymers",2
Chile,Food chemistry,8
Chile,Basic materials chemistry,13
Chile,"Materials, metallurgy",12
Chile,"Surface technology, coating",5
Chile,Micro-structural and nano-technology,1
Chile,Chemical engineering,14
Chile,Environmental technology,2
Chile,Handling,7
Chile,Machine tools,2
Chile,"Engines, pumps, turbines",1
Chile,Textile and paper machines,1
Chile,Other special machines,11
Chile,Thermal processes and apparatus,2
Chile,Mechanical elements,4
Chile,Transport,3
Chile,"Furniture, games",1
Chile,Other consumer goods,3
Chile,Civil engineering,11
China,Unknown,1
China,"Electrical machinery, apparatus, energy",37736
China,Audio-visual technology,19044
China,Telecommunications,15501
China,Digital communication,47603
China,Basic communication processes,2446
China,Computer technology,73634
China,IT methods for management,11605
China,Semiconductors,12999
China,Optics,10348
China,Measurement,46310
China,Analysis of biological materials,2912
China,Control,16283
China,Medical technology,15622
China,Organic fine chemistry,12645
China,Biotechnology,14119
China,Pharmaceuticals,12247
China,"Macromolecular chemistry, polymers",10886
China,Food chemistry,5420
China,Basic materials chemistry,15946
China,"Materials, metallurgy",20843
China,"Surface technology, coating",8566
China,Micro-structural and nano-technology,1730
China,Chemical engineering,23096
China,Environmental technology,13757
China,Handling,16715
China,Machine tools,25503
China,"Engines, pumps, turbines",6606
China,Textile and paper machines,8685
China,Other special machines,23714
China,Thermal processes and apparatus,10372
China,Mechanical elements,9061
China,Transport,18915
China,"Furniture, games",9100
China,Other consumer goods,6977
China,Civil engineering,24957
"China, Hong Kong SAR","Electrical machinery, apparatus, energy",113
"China, Hong Kong SAR",Audio-visual technology,66
"China, Hong Kong SAR",Telecommunications,43
"China, Hong Kong SAR",Digital communication,186
"China, Hong Kong SAR",Basic communication processes,15
"China, Hong Kong SAR",Computer technology,243
"China, Hong Kong SAR",IT methods for management,36
"China, Hong Kong SAR",Semiconductors,24
"China, Hong Kong SAR",Optics,32
"China, Hong Kong SAR",Measurement,29
"China, Hong Kong SAR",Analysis of biological materials,7
"China, Hong Kong SAR",Control,33
"China, Hong Kong SAR",Medical technology,59
"China, Hong Kong SAR",Organic fine chemistry,22
"China, Hong Kong SAR",Biotechnology,29
"China, Hong Kong SAR",Pharmaceuticals,33
"China, Hong Kong SAR","Macromolecular chemistry, polymers",9
"China, Hong Kong SAR",Food chemistry,7
"China, Hong Kong SAR",Basic materials chemistry,34
"China, Hong Kong SAR","Materials, metallurgy",11
"China, Hong Kong SAR","Surface technology, coating",23
"China, Hong Kong SAR",Micro-structural and nano-technology,3
"China, Hong Kong SAR",Chemical engineering,25
"China, Hong Kong SAR",Environmental technology,5
"China, Hong Kong SAR",Handling,22
"China, Hong Kong SAR",Machine tools,16
"China, Hong Kong SAR","Engines, pumps, turbines",6
"China, Hong Kong SAR",Textile and paper machines,10
"China, Hong Kong SAR",Other special machines,35
"China, Hong Kong SAR",Thermal processes and apparatus,16
"China, Hong Kong SAR",Mechanical elements,18
"China, Hong Kong SAR",Transport,50
"China, Hong Kong SAR","Furniture, games",84
"China, Hong Kong SAR",Other consumer goods,40
"China, Hong Kong SAR",Civil engineering,43
"China, Macao SAR","Electrical machinery, apparatus, energy",20
"China, Macao SAR",Audio-visual technology,2
"China, Macao SAR",Telecommunications,1
"China, Macao SAR",Computer technology,2
"China, Macao SAR",Optics,2
"China, Macao SAR",Measurement,3
"China, Macao SAR",Control,2
"China, Macao SAR",Medical technology,1
"China, Macao SAR",Biotechnology,1
"China, Macao SAR",Pharmaceuticals,1
"China, Macao SAR",Chemical engineering,5
"China, Macao SAR",Environmental technology,1
"China, Macao SAR",Handling,1
"China, Macao SAR",Machine tools,23
"China, Macao SAR","Engines, pumps, turbines",7
"China, Macao SAR",Textile and paper machines,1
"China, Macao SAR",Other special machines,13
"China, Macao SAR",Mechanical elements,2
"China, Macao SAR",Transport,1
"China, Macao SAR","Furniture, games",43
"China, Macao SAR",Other consumer goods,1
"China, Macao SAR",Civil engineering,2
Colombia,"Electrical machinery, apparatus, energy",1
Colombia,Audio-visual technology,1
Colombia,Telecommunications,1
Colombia,IT methods for management,2
Colombia,Semiconductors,1
Colombia,Measurement,1
Colombia,Medical technology,6
Colombia,Biotechnology,4
Colombia,Pharmaceuticals,6
Colombia,Food chemistry,5
Colombia,Basic materials chemistry,4
Colombia,"Materials, metallurgy",3
Colombia,"Surface technology, coating",1
Colombia,Chemical engineering,2
Colombia,Environmental technology,3
Colombia,Handling,2
Colombia,"Engines, pumps, turbines",3
Colombia,Textile and paper machines,1
Colombia,Other special machines,6
Colombia,Thermal processes and apparatus,3
Colombia,Mechanical elements,1
Colombia,"Furniture, games",6
Colombia,Other consumer goods,2
Colombia,Civil engineering,5
Comoros,Food chemistry,1
Comoros,Other special machines,1
Cook Islands,Medical technology,1
Costa Rica,"Electrical machinery, apparatus, energy",1
Costa Rica,Optics,2
Costa Rica,Measurement,2
Costa Rica,Medical technology,6
Costa Rica,Organic fine chemistry,1
Costa Rica,"Macromolecular chemistry, polymers",1
Costa Rica,Other special machines,1
Côte d'Ivoire,Digital communication,1
Côte d'Ivoire,Computer technology,2
Croatia,"Electrical machinery, apparatus, energy",6
Croatia,Audio-visual technology,1
Croatia,Digital communication,2
Croatia,Computer technology,5
Croatia,Measurement,3
Croatia,Control,2
Croatia,Medical technology,7
Croatia,Organic fine chemistry,7
Croatia,Biotechnology,1
Croatia,Pharmaceuticals,8
Croatia,"Macromolecular chemistry, polymers",1
Croatia,Food chemistry,2
Croatia,Basic materials chemistry,1
Croatia,"Surface technology, coating",1
Croatia,Environmental technology,4
Croatia,Handling,2
Croatia,Machine tools,2
Croatia,"Engines, pumps, turbines",6
Croatia,Textile and paper machines,3
Croatia,Other special machines,1
Croatia,Thermal processes and apparatus,9
Croatia,Mechanical elements,3
Croatia,Transport,6
Croatia,"Furniture, games",5
Croatia,Other consumer goods,11
Croatia,Civil engineering,3
Cuba,Analysis of biological materials,2
Cuba,Medical technology,2
Cuba,Organic fine chemistry,16
Cuba,Biotechnology,11
Cuba,Pharmaceuticals,36
Cuba,Food chemistry,2
Cuba,Basic materials chemistry,5
Cuba,Micro-structural and nano-technology,1
Cuba,Environmental technology,1
Curaçao,Telecommunications,5
Curaçao,Control,1
Curaçao,Medical technology,1
Curaçao,Environmental technology,2
Curaçao,Transport,1
Curaçao,"Furniture, games",2
Curaçao,Other consumer goods,1
Curaçao,Civil engineering,8
Cyprus,"Electrical machinery, apparatus, energy",18
Cyprus,Audio-visual technology,1
Cyprus,Telecommunications,2
Cyprus,Digital communication,52
Cyprus,Computer technology,74
Cyprus,IT methods for management,6
Cyprus,Optics,4
Cyprus,Measurement,4
Cyprus,Analysis of biological materials,1
Cyprus,Control,4
Cyprus,Medical technology,22
Cyprus,Organic fine chemistry,4
Cyprus,Biotechnology,16
Cyprus,Pharmaceuticals,30
Cyprus,"Macromolecular chemistry, polymers",2
Cyprus,Food chemistry,2
Cyprus,Basic materials chemistry,5
Cyprus,"Materials, metallurgy",3
Cyprus,"Surface technology, coating",1
Cyprus,Micro-structural and nano-technology,1
Cyprus,Chemical engineering,1
Cyprus,Handling,5
Cyprus,Textile and paper machines,3
Cyprus,Other special machines,3
Cyprus,Thermal processes and apparatus,1
Cyprus,Transport,11
Cyprus,"Furniture, games",9
Cyprus,Other consumer goods,10
Cyprus,Civil engineering,2
Czechoslovakia,"Engines, pumps, turbines",1
Czech Republic,"Electrical machinery, apparatus, energy",76
Czech Republic,Audio-visual technology,3
Czech Republic,Telecommunications,12
Czech Republic,Digital communication,13
Czech Republic,Basic communication processes,2
Czech Republic,Computer technology,37
Czech Republic,IT methods for management,3
Czech Republic,Semiconductors,7
Czech Republic,Optics,18
Czech Republic,Measurement,61
Czech Republic,Analysis of biological materials,4
Czech Republic,Control,21
Czech Republic,Medical technology,65
Czech Republic,Organic fine chemistry,50
Czech Republic,Biotechnology,22
Czech Republic,Pharmaceuticals,55
Czech Republic,"Macromolecular chemistry, polymers",18
Czech Republic,Food chemistry,1
Czech Republic,Basic materials chemistry,25
Czech Republic,"Materials, metallurgy",24
Czech Republic,"Surface technology, coating",11
Czech Republic,Micro-structural and nano-technology,6
Czech Republic,Chemical engineering,30
Czech Republic,Environmental technology,27
Czech Republic,Handling,28
Czech Republic,Machine tools,44
Czech Republic,"Engines, pumps, turbines",35
Czech Republic,Textile and paper machines,32
Czech Republic,Other special machines,60
Czech Republic,Thermal processes and apparatus,46
Czech Republic,Mechanical elements,22
Czech Republic,Transport,81
Czech Republic,"Furniture, games",23
Czech Republic,Other consumer goods,15
Czech Republic,Civil engineering,73
North Korea,Audio-visual technology,2
North Korea,Telecommunications,1
North Korea,Computer technology,1
North Korea,Medical technology,1
North Korea,Organic fine chemistry,1
North Korea,Pharmaceuticals,3
North Korea,Food chemistry,4
North Korea,"Engines, pumps, turbines",1
North Korea,Transport,1
Denmark,Unknown,2
Denmark,"Electrical machinery, apparatus, energy",228
Denmark,Audio-visual technology,389
Denmark,Telecommunications,63
Denmark,Digital communication,55
Denmark,Basic communication processes,20
Denmark,Computer technology,123
Denmark,IT methods for management,15
Denmark,Semiconductors,15
Denmark,Optics,37
Denmark,Measurement,275
Denmark,Analysis of biological materials,52
Denmark,Control,73
Denmark,Medical technology,573
Denmark,Organic fine chemistry,144
Denmark,Biotechnology,491
Denmark,Pharmaceuticals,467
Denmark,"Macromolecular chemistry, polymers",33
Denmark,Food chemistry,217
Denmark,Basic materials chemistry,159
Denmark,"Materials, metallurgy",115
Denmark,"Surface technology, coating",71
Denmark,Micro-structural and nano-technology,7
Denmark,Chemical engineering,178
Denmark,Environmental technology,79
Denmark,Handling,150
Denmark,Machine tools,68
Denmark,"Engines, pumps, turbines",871
Denmark,Textile and paper machines,38
Denmark,Other special machines,303
Denmark,Thermal processes and apparatus,144
Denmark,Mechanical elements,227
Denmark,Transport,154
Denmark,"Furniture, games",126
Denmark,Other consumer goods,59
Denmark,Civil engineering,358
Dominican Republic,Medical technology,2
Dominican Republic,Handling,1
Ecuador,"Materials, metallurgy",1
Ecuador,Thermal processes and apparatus,1
Ecuador,Mechanical elements,1
Ecuador,Civil engineering,2
Egypt,"Electrical machinery, apparatus, energy",3
Egypt,Telecommunications,1
Egypt,Basic communication processes,1
Egypt,Computer technology,2
Egypt,Optics,1
Egypt,Measurement,4
Egypt,Analysis of biological materials,1
Egypt,Control,1
Egypt,Medical technology,7
Egypt,Thermal processes and apparatus,1
Egypt,Mechanical elements,3
Egypt,Transport,1
Egypt,Civil engineering,1
Estonia,"Electrical machinery, apparatus, energy",12
Estonia,Audio-visual technology,1
Estonia,Digital communication,3
Estonia,Computer technology,10
Estonia,IT methods for management,6
Estonia,Optics,3
Estonia,Measurement,15
Estonia,Analysis of biological materials,1
Estonia,Control,6
Estonia,Medical technology,13
Estonia,Biotechnology,7
Estonia,Pharmaceuticals,4
Estonia,Food chemistry,1
Estonia,Basic materials chemistry,4
Estonia,"Materials, metallurgy",2
Estonia,"Surface technology, coating",1
Estonia,Chemical engineering,5
Estonia,Environmental technology,1
Estonia,Handling,5
Estonia,Other special machines,3
Estonia,Mechanical elements,2
Estonia,Transport,3
Estonia,"Furniture, games",4
Estonia,Other consumer goods,3
Estonia,Civil engineering,4
Eswatini,Telecommunications,1
Eswatini,Basic communication processes,1
Finland,Unknown,2
Finland,"Electrical machinery, apparatus, energy",237
Finland,Audio-visual technology,256
Finland,Telecommunications,283
Finland,Digital communication,1262
Finland,Basic communication processes,44
Finland,Computer technology,406
Finland,IT methods for management,36
Finland,Semiconductors,80
Finland,Optics,85
Finland,Measurement,260
Finland,Analysis of biological materials,40
Finland,Control,83
Finland,Medical technology,226
Finland,Organic fine chemistry,59
Finland,Biotechnology,107
Finland,Pharmaceuticals,65
Finland,"Macromolecular chemistry, polymers",86
Finland,Food chemistry,47
Finland,Basic materials chemistry,206
Finland,"Materials, metallurgy",138
Finland,"Surface technology, coating",125
Finland,Micro-structural and nano-technology,9
Finland,Chemical engineering,347
Finland,Environmental technology,133
Finland,Handling,444
Finland,Machine tools,135
Finland,"Engines, pumps, turbines",116
Finland,Textile and paper machines,287
Finland,Other special machines,176
Finland,Thermal processes and apparatus,178
Finland,Mechanical elements,133
Finland,Transport,198
Finland,"Furniture, games",89
Finland,Other consumer goods,41
Finland,Civil engineering,254
France,"Electrical machinery, apparatus, energy",3140
France,Audio-visual technology,781
France,Telecommunications,767
France,Digital communication,1648
France,Basic communication processes,261
France,Computer technology,2234
France,IT methods for management,287
France,Semiconductors,1071
France,Optics,869
France,Measurement,2539
France,Analysis of biological materials,337
France,Control,731
France,Medical technology,1957
France,Organic fine chemistry,1658
France,Biotechnology,864
France,Pharmaceuticals,1287
France,"Macromolecular chemistry, polymers",702
France,Food chemistry,333
France,Basic materials chemistry,808
France,"Materials, metallurgy",1036
France,"Surface technology, coating",670
France,Micro-structural and nano-technology,118
France,Chemical engineering,1299
France,Environmental technology,653
France,Handling,1183
France,Machine tools,626
France,"Engines, pumps, turbines",2420
France,Textile and paper machines,288
France,Other special machines,1883
France,Thermal processes and apparatus,773
France,Mechanical elements,1957
France,Transport,5331
France,"Furniture, games",666
France,Other consumer goods,1290
France,Civil engineering,1517
Gabon,Computer technology,1
Georgia,"Electrical machinery, apparatus, energy",1
Georgia,Optics,1
Georgia,Measurement,3
Georgia,Analysis of biological materials,1
Georgia,Medical technology,2
Georgia,Biotechnology,2
Georgia,Pharmaceuticals,1
Georgia,"Macromolecular chemistry, polymers",1
Georgia,Food chemistry,6
Georgia,Basic materials chemistry,1
Georgia,"Materials, metallurgy",3
Georgia,Chemical engineering,2
Georgia,Environmental technology,2
Georgia,Handling,3
Georgia,Machine tools,2
Georgia,"Engines, pumps, turbines",13
Georgia,Other special machines,6
Georgia,Thermal processes and apparatus,10
Georgia,Transport,2
Georgia,"Furniture, games",1
Georgia,Civil engineering,2
German Democratic Republic,Audio-visual technology,1
German Democratic Republic,Measurement,1
German Democratic Republic,Textile and paper machines,3
Germany,"Electrical machinery, apparatus, energy",7497
Germany,Audio-visual technology,1381
Germany,Telecommunications,962
Germany,Digital communication,1983
Germany,Basic communication processes,554
Germany,Computer technology,3206
Germany,IT methods for management,232
Germany,Semiconductors,1927
Germany,Optics,1782
Germany,Measurement,5831
Germany,Analysis of biological materials,490
Germany,Control,1995
Germany,Medical technology,4443
Germany,Organic fine chemistry,2288
Germany,Biotechnology,1469
Germany,Pharmaceuticals,1814
Germany,"Macromolecular chemistry, polymers",1674
Germany,Food chemistry,267
Germany,Basic materials chemistry,2206
Germany,"Materials, metallurgy",1688
Germany,"Surface technology, coating",1318
Germany,Micro-structural and nano-technology,179
Germany,Chemical engineering,2441
Germany,Environmental technology,1319
Germany,Handling,3149
Germany,Machine tools,3381
Germany,"Engines, pumps, turbines",4525
Germany,Textile and paper machines,1484
Germany,Other special machines,3962
Germany,Thermal processes and apparatus,1414
Germany,Mechanical elements,5794
Germany,Transport,9419
Germany,"Furniture, games",1689
Germany,Other consumer goods,1790
Germany,Civil engineering,3173
Greece,"Electrical machinery, apparatus, energy",12
Greece,Audio-visual technology,2
Greece,Telecommunications,5
Greece,Digital communication,4
Greece,Basic communication processes,1
Greece,Computer technology,14
Greece,IT methods for management,4
Greece,Optics,2
Greece,Measurement,10
Greece,Analysis of biological materials,1
Greece,Control,7
Greece,Medical technology,32
Greece,Organic fine chemistry,18
Greece,Biotechnology,10
Greece,Pharmaceuticals,57
Greece,"Macromolecular chemistry, polymers",2
Greece,Food chemistry,28
Greece,Basic materials chemistry,11
Greece,"Materials, metallurgy",4
Greece,"Surface technology, coating",18
Greece,Chemical engineering,13
Greece,Environmental technology,13
Greece,Handling,20
Greece,Machine tools,119
Greece,"Engines, pumps, turbines",12
Greece,Textile and paper machines,6
Greece,Other special machines,32
Greece,Thermal processes and apparatus,9
Greece,Mechanical elements,7
Greece,Transport,21
Greece,"Furniture, games",16
Greece,Other consumer goods,18
Greece,Civil engineering,41
Guatemala,"Electrical machinery, apparatus, energy",1
Guatemala,Mechanical elements,1
Guatemala,Transport,1
Guatemala,"Furniture, games",1
Hungary,"Electrical machinery, apparatus, energy",21
Hungary,Audio-visual technology,4
Hungary,Telecommunications,1
Hungary,Digital communication,3
Hungary,Basic communication processes,1
Hungary,Computer technology,21
Hungary,Semiconductors,1
Hungary,Optics,9
Hungary,Measurement,17
Hungary,Analysis of biological materials,5
Hungary,Control,3
Hungary,Medical technology,26
Hungary,Organic fine chemistry,69
Hungary,Biotechnology,34
Hungary,Pharmaceuticals,59
Hungary,"Macromolecular chemistry, polymers",2
Hungary,Food chemistry,3
Hungary,Basic materials chemistry,9
Hungary,"Materials, metallurgy",11
Hungary,"Surface technology, coating",1
Hungary,Chemical engineering,20
Hungary,Environmental technology,3
Hungary,Handling,15
Hungary,Machine tools,2
Hungary,"Engines, pumps, turbines",10
Hungary,Textile and paper machines,1
Hungary,Other special machines,35
Hungary,Thermal processes and apparatus,8
Hungary,Mechanical elements,8
Hungary,Transport,6
Hungary,"Furniture, games",17
Hungary,Other consumer goods,23
Hungary,Civil engineering,55
Iceland,"Electrical machinery, apparatus, energy",3
Iceland,Audio-visual technology,1
Iceland,Digital communication,3
Iceland,Computer technology,2
Iceland,Measurement,2
Iceland,Control,1
Iceland,Medical technology,76
Iceland,Organic fine chemistry,1
Iceland,Biotechnology,1
Iceland,Pharmaceuticals,6
Iceland,"Macromolecular chemistry, polymers",1
Iceland,Food chemistry,3
Iceland,Basic materials chemistry,3
Iceland,Chemical engineering,13
Iceland,Handling,10
Iceland,Machine tools,2
Iceland,"Engines, pumps, turbines",1
Iceland,Textile and paper machines,1
Iceland,Other special machines,17
Iceland,Mechanical elements,4
Iceland,Transport,1
Iceland,Other consumer goods,3
Iceland,Civil engineering,5
India,"Electrical machinery, apparatus, energy",50
India,Audio-visual technology,24
India,Telecommunications,28
India,Digital communication,188
India,Basic communication processes,9
India,Computer technology,371
India,IT methods for management,75
India,Semiconductors,8
India,Optics,17
India,Measurement,63
India,Analysis of biological materials,15
India,Control,42
India,Medical technology,140
India,Organic fine chemistry,218
India,Biotechnology,98
India,Pharmaceuticals,421
India,"Macromolecular chemistry, polymers",32
India,Food chemistry,12
India,Basic materials chemistry,128
India,"Materials, metallurgy",40
India,"Surface technology, coating",13
India,Micro-structural and nano-technology,3
India,Chemical engineering,56
India,Environmental technology,22
India,Handling,31
India,Machine tools,19
India,"Engines, pumps, turbines",29
India,Textile and paper machines,29
India,Other special machines,41
India,Thermal processes and apparatus,29
India,Mechanical elements,26
India,Transport,59
India,"Furniture, games",12
India,Other consumer goods,15
India,Civil engineering,28
Indonesia,Pharmaceuticals,2
Indonesia,Chemical engineering,1
Indonesia,Other consumer goods,3
Indonesia,Civil engineering,3
Iran (Islamic Republic of),"Electrical machinery, apparatus, energy",3
Iran (Islamic Republic of),Telecommunications,2
Iran (Islamic Republic of),Digital communication,2
Iran (Islamic Republic of),Basic communication processes,2
Iran (Islamic Republic of),Computer technology,6
Iran (Islamic Republic of),Optics,1
Iran (Islamic Republic of),Measurement,6
Iran (Islamic Republic of),Analysis of biological materials,3
Iran (Islamic Republic of),Control,1
Iran (Islamic Republic of),Medical technology,16
Iran (Islamic Republic of),Organic fine chemistry,1
Iran (Islamic Republic of),Biotechnology,1
Iran (Islamic Republic of),Pharmaceuticals,3
Iran (Islamic Republic of),"Macromolecular chemistry, polymers",1
Iran (Islamic Republic of),Food chemistry,2
Iran (Islamic Republic of),Basic materials chemistry,1
Iran (Islamic Republic of),"Materials, metallurgy",4
Iran (Islamic Republic of),"Surface technology, coating",1
Iran (Islamic Republic of),Micro-structural and nano-technology,1
Iran (Islamic Republic of),Chemical engineering,4
Iran (Islamic Republic of),Environmental technology,4
Iran (Islamic Republic of),Handling,1
Iran (Islamic Republic of),Machine tools,1
Iran (Islamic Republic of),"Engines, pumps, turbines",3
Iran (Islamic Republic of),Textile and paper machines,1
Iran (Islamic Republic of),Other special machines,3
Iran (Islamic Republic of),Mechanical elements,3
Iran (Islamic Republic of),"Furniture, games",3
Iran (Islamic Republic of),Other consumer goods,2
Iran (Islamic Republic of),Civil engineering,2
Ireland,"Electrical machinery, apparatus, energy",372
Ireland,Audio-visual technology,122
Ireland,Telecommunications,65
Ireland,Digital communication,178
Ireland,Basic communication processes,67
Ireland,Computer technology,442
Ireland,IT methods for management,90
Ireland,Semiconductors,113
Ireland,Optics,35
Ireland,Measurement,147
Ireland,Analysis of biological materials,35
Ireland,Control,67
Ireland,Medical technology,475
Ireland,Organic fine chemistry,133
Ireland,Biotechnology,73
Ireland,Pharmaceuticals,369
Ireland,"Macromolecular chemistry, polymers",7
Ireland,Food chemistry,22
Ireland,Basic materials chemistry,51
Ireland,"Materials, metallurgy",5
Ireland,"Surface technology, coating",21
Ireland,Micro-structural and nano-technology,7
Ireland,Chemical engineering,47
Ireland,Environmental technology,34
Ireland,Handling,42
Ireland,Machine tools,17
Ireland,"Engines, pumps, turbines",120
Ireland,Textile and paper machines,66
Ireland,Other special machines,85
Ireland,Thermal processes and apparatus,16
Ireland,Mechanical elements,94
Ireland,Transport,86
Ireland,"Furniture, games",27
Ireland,Other consumer goods,25
Ireland,Civil engineering,49
Israel,Unknown,2
Israel,"Electrical machinery, apparatus, energy",253
Israel,Audio-visual technology,172
Israel,Telecommunications,115
Israel,Digital communication,379
Israel,Basic communication processes,37
Israel,Computer technology,708
Israel,IT methods for management,71
Israel,Semiconductors,74
Israel,Optics,210
Israel,Measurement,296
Israel,Analysis of biological materials,55
Israel,Control,126
Israel,Medical technology,1419
Israel,Organic fine chemistry,106
Israel,Biotechnology,189
Israel,Pharmaceuticals,399
Israel,"Macromolecular chemistry, polymers",43
Israel,Food chemistry,73
Israel,Basic materials chemistry,83
Israel,"Materials, metallurgy",34
Israel,"Surface technology, coating",35
Israel,Micro-structural and nano-technology,12
Israel,Chemical engineering,80
Israel,Environmental technology,47
Israel,Handling,82
Israel,Machine tools,152
Israel,"Engines, pumps, turbines",31
Israel,Textile and paper machines,100
Israel,Other special machines,183
Israel,Thermal processes and apparatus,37
Israel,Mechanical elements,65
Israel,Transport,130
Israel,"Furniture, games",53
Israel,Other consumer goods,69
Israel,Civil engineering,72
Italy,"Electrical machinery, apparatus, energy",678
Italy,Audio-visual technology,112
Italy,Telecommunications,99
Italy,Digital communication,180
Italy,Basic communication processes,64
Italy,Computer technology,229
Italy,IT methods for management,27
Italy,Semiconductors,129
Italy,Optics,141
Italy,Measurement,616
Italy,Analysis of biological materials,52
Italy,Control,199
Italy,Medical technology,701
Italy,Organic fine chemistry,295
Italy,Biotechnology,213
Italy,Pharmaceuticals,618
Italy,"Macromolecular chemistry, polymers",335
Italy,Food chemistry,169
Italy,Basic materials chemistry,213
Italy,"Materials, metallurgy",167
Italy,"Surface technology, coating",217
Italy,Micro-structural and nano-technology,32
Italy,Chemical engineering,465
Italy,Environmental technology,168
Italy,Handling,1030
Italy,Machine tools,602
Italy,"Engines, pumps, turbines",633
Italy,Textile and paper machines,375
Italy,Other special machines,874
Italy,Thermal processes and apparatus,410
Italy,Mechanical elements,711
Italy,Transport,1286
Italy,"Furniture, games",672
Italy,Other consumer goods,400
Italy,Civil engineering,685
Jamaica,Organic fine chemistry,1
Jamaica,Pharmaceuticals,3
Jamaica,Other special machines,1
Jamaica,Other consumer goods,1
Japan,Unknown,3
Japan,"Electrical machinery, apparatus, energy",26181
Japan,Audio-visual technology,11437
Japan,Telecommunications,6096
Japan,Digital communication,7328
Japan,Basic communication processes,2021
Japan,Computer technology,15841
Japan,IT methods for management,4525
Japan,Semiconductors,14321
Japan,Optics,14982
Japan,Measurement,12739
Japan,Analysis of biological materials,940
Japan,Control,6772
Japan,Medical technology,9285
Japan,Organic fine chemistry,3441
Japan,Biotechnology,2323
Japan,Pharmaceuticals,2910
Japan,"Macromolecular chemistry, polymers",6422
Japan,Food chemistry,2069
Japan,Basic materials chemistry,5909
Japan,"Materials, metallurgy",6465
Japan,"Surface technology, coating",6942
Japan,Micro-structural and nano-technology,266
Japan,Chemical engineering,3952
Japan,Environmental technology,2979
Japan,Handling,8985
Japan,Machine tools,6765
Japan,"Engines, pumps, turbines",7169
Japan,Textile and paper machines,7018
Japan,Other special machines,8636
Japan,Thermal processes and apparatus,5219
Japan,Mechanical elements,8002
Japan,Transport,15849
Japan,"Furniture, games",11751
Japan,Other consumer goods,4133
Japan,Civil engineering,7448
Jordan,"Electrical machinery, apparatus, energy",1
Jordan,Measurement,2
Jordan,Medical technology,1
Jordan,Biotechnology,1
Jordan,Pharmaceuticals,2
Jordan,Basic materials chemistry,1
Jordan,Chemical engineering,3
Jordan,Environmental technology,1
Jordan,Machine tools,1
Jordan,"Engines, pumps, turbines",2
Jordan,Other special machines,1
Jordan,Thermal processes and apparatus,1
Jordan,Civil engineering,1
Kazakhstan,"Electrical machinery, apparatus, energy",24
Kazakhstan,Telecommunications,8
Kazakhstan,Semiconductors,8
Kazakhstan,Measurement,43
Kazakhstan,Analysis of biological materials,1
Kazakhstan,Medical technology,41
Kazakhstan,Organic fine chemistry,16
Kazakhstan,Biotechnology,8
Kazakhstan,Pharmaceuticals,25
Kazakhstan,Food chemistry,32
Kazakhstan,"Materials, metallurgy",33
Kazakhstan,"Surface technology, coating",1
Kazakhstan,Chemical engineering,9
Kazakhstan,Environmental technology,16
Kazakhstan,Machine tools,8
Kazakhstan,"Engines, pumps, turbines",18
Kazakhstan,Other special machines,25
Kazakhstan,Thermal processes and apparatus,25
Kazakhstan,Mechanical elements,8
Kazakhstan,Transport,9
Kazakhstan,"Furniture, games",10
Kazakhstan,Civil engineering,51
Kenya,Handling,1
Kenya,Other consumer goods,1
Kuwait,"Electrical machinery, apparatus, energy",1
Kuwait,Telecommunications,1
Kuwait,Measurement,1
Kuwait,Control,1
Kuwait,Medical technology,5
Kuwait,Organic fine chemistry,1
Kuwait,Biotechnology,1
Kuwait,Pharmaceuticals,1
Kuwait,Basic materials chemistry,1
Kuwait,Chemical engineering,3
Kuwait,Environmental technology,4
Kuwait,Handling,1
Kuwait,"Engines, pumps, turbines",1
Kuwait,Other special machines,1
Kuwait,Thermal processes and apparatus,1
Kuwait,Transport,2
Kuwait,"Furniture, games",3
Kuwait,Other consumer goods,2
Kuwait,Civil engineering,1
Kyrgyzstan,Telecommunications,1
Kyrgyzstan,Measurement,2
Kyrgyzstan,Biotechnology,1
Kyrgyzstan,Basic materials chemistry,1
Kyrgyzstan,"Materials, metallurgy",2
Kyrgyzstan,Micro-structural and nano-technology,1
Kyrgyzstan,Chemical engineering,2
Kyrgyzstan,Mechanical elements,1
Kyrgyzstan,Civil engineering,1
Latvia,"Electrical machinery, apparatus, energy",7
Latvia,Audio-visual technology,1
Latvia,Basic communication processes,2
Latvia,Optics,1
Latvia,Measurement,2
Latvia,Control,1
Latvia,Medical technology,5
Latvia,Organic fine chemistry,5
Latvia,Biotechnology,2
Latvia,Pharmaceuticals,9
Latvia,Basic materials chemistry,6
Latvia,"Materials, metallurgy",5
Latvia,"Surface technology, coating",3
Latvia,Chemical engineering,1
Latvia,Environmental technology,2
Latvia,Handling,9
Latvia,Machine tools,2
Latvia,Textile and paper machines,3
Latvia,Transport,2
Latvia,"Furniture, games",4
Latvia,Other consumer goods,1
Latvia,Civil engineering,3
Lebanon,Telecommunications,1
Lebanon,Computer technology,2
Lebanon,Measurement,1
Lebanon,Analysis of biological materials,1
Lebanon,Control,5
Lebanon,Medical technology,6
Lebanon,Pharmaceuticals,1
Lebanon,Food chemistry,1
Lebanon,"Materials, metallurgy",1
Lebanon,Handling,1
Lebanon,Other special machines,1
Lebanon,Thermal processes and apparatus,2
Lebanon,"Furniture, games",3
Lebanon,Other consumer goods,2
Lebanon,Civil engineering,1
Liechtenstein,"Electrical machinery, apparatus, energy",40
Liechtenstein,Audio-visual technology,2
Liechtenstein,Telecommunications,1
Liechtenstein,Digital communication,11
Liechtenstein,Computer technology,13
Liechtenstein,IT methods for management,2
Liechtenstein,Semiconductors,3
Liechtenstein,Optics,4
Liechtenstein,Measurement,37
Liechtenstein,Medical technology,89
Liechtenstein,Organic fine chemistry,3
Liechtenstein,Biotechnology,28
Liechtenstein,Pharmaceuticals,35
Liechtenstein,"Macromolecular chemistry, polymers",14
Liechtenstein,Food chemistry,2
Liechtenstein,Basic materials chemistry,8
Liechtenstein,"Materials, metallurgy",31
Liechtenstein,"Surface technology, coating",9
Liechtenstein,Chemical engineering,3
Liechtenstein,Environmental technology,3
Liechtenstein,Handling,9
Liechtenstein,Machine tools,131
Liechtenstein,"Engines, pumps, turbines",13
Liechtenstein,Textile and paper machines,3
Liechtenstein,Other special machines,40
Liechtenstein,Thermal processes and apparatus,11
Liechtenstein,Mechanical elements,96
Liechtenstein,Transport,169
Liechtenstein,"Furniture, games",18
Liechtenstein,Other consumer goods,7
Liechtenstein,Civil engineering,42
Lithuania,"Electrical machinery, apparatus, energy",7
Lithuania,Audio-visual technology,4
Lithuania,Telecommunications,2
Lithuania,Digital communication,10
Lithuania,Basic communication processes,1
Lithuania,Computer technology,10
Lithuania,IT methods for management,9
Lithuania,Semiconductors,5
Lithuania,Optics,16
Lithuania,Measurement,9
Lithuania,Analysis of biological materials,2
Lithuania,Control,2
Lithuania,Medical technology,22
Lithuania,Organic fine chemistry,2
Lithuania,Biotechnology,7
Lithuania,Pharmaceuticals,12
Lithuania,"Macromolecular chemistry, polymers",1
Lithuania,Basic materials chemistry,6
Lithuania,"Materials, metallurgy",3
Lithuania,"Surface technology, coating",5
Lithuania,Chemical engineering,4
Lithuania,Environmental technology,5
Lithuania,Handling,10
Lithuania,Machine tools,9
Lithuania,"Engines, pumps, turbines",3
Lithuania,Other special machines,7
Lithuania,Thermal processes and apparatus,4
Lithuania,Mechanical elements,1
Lithuania,Transport,11
Lithuania,"Furniture, games",16
Lithuania,Other consumer goods,5
Lithuania,Civil engineering,9
Luxembourg,"Electrical machinery, apparatus, energy",82
Luxembourg,Audio-visual technology,30
Luxembourg,Telecommunications,26
Luxembourg,Digital communication,44
Luxembourg,Basic communication processes,9
Luxembourg,Computer technology,42
Luxembourg,IT methods for management,12
Luxembourg,Semiconductors,12
Luxembourg,Optics,73
Luxembourg,Measurement,65
Luxembourg,Analysis of biological materials,18
Luxembourg,Control,8
Luxembourg,Medical technology,168
Luxembourg,Organic fine chemistry,35
Luxembourg,Biotechnology,50
Luxembourg,Pharmaceuticals,87
Luxembourg,"Macromolecular chemistry, polymers",27
Luxembourg,Food chemistry,13
Luxembourg,Basic materials chemistry,53
Luxembourg,"Materials, metallurgy",270
Luxembourg,"Surface technology, coating",157
Luxembourg,Micro-structural and nano-technology,3
Luxembourg,Chemical engineering,39
Luxembourg,Environmental technology,24
Luxembourg,Handling,61
Luxembourg,Machine tools,96
Luxembourg,"Engines, pumps, turbines",65
Luxembourg,Textile and paper machines,18
Luxembourg,Other special machines,40
Luxembourg,Thermal processes and apparatus,62
Luxembourg,Mechanical elements,53
Luxembourg,Transport,250
Luxembourg,"Furniture, games",29
Luxembourg,Other consumer goods,55
Luxembourg,Civil engineering,114
Malaysia,"Electrical machinery, apparatus, energy",17
Malaysia,Audio-visual technology,7
Malaysia,Telecommunications,15
Malaysia,Digital communication,29
Malaysia,Basic communication processes,3
Malaysia,Computer technology,51
Malaysia,IT methods for management,14
Malaysia,Semiconductors,17
Malaysia,Optics,6
Malaysia,Measurement,29
Malaysia,Analysis of biological materials,5
Malaysia,Control,15
Malaysia,Medical technology,25
Malaysia,Organic fine chemistry,9
Malaysia,Biotechnology,27
Malaysia,Pharmaceuticals,49
Malaysia,"Macromolecular chemistry, polymers",21
Malaysia,Food chemistry,16
Malaysia,Basic materials chemistry,26
Malaysia,"Materials, metallurgy",15
Malaysia,"Surface technology, coating",10
Malaysia,Micro-structural and nano-technology,3
Malaysia,Chemical engineering,17
Malaysia,Environmental technology,18
Malaysia,Handling,17
Malaysia,Machine tools,12
Malaysia,"Engines, pumps, turbines",10
Malaysia,Textile and paper machines,8
Malaysia,Other special machines,47
Malaysia,Thermal processes and apparatus,13
Malaysia,Mechanical elements,16
Malaysia,Transport,14
Malaysia,"Furniture, games",9
Malaysia,Other consumer goods,15
Malaysia,Civil engineering,38
Malta,"Electrical machinery, apparatus, energy",15
Malta,Digital communication,5
Malta,Computer technology,20
Malta,IT methods for management,2
Malta,Semiconductors,2
Malta,Measurement,18
Malta,Analysis of biological materials,2
Malta,Control,9
Malta,Medical technology,120
Malta,Organic fine chemistry,14
Malta,Biotechnology,2
Malta,Pharmaceuticals,21
Malta,"Macromolecular chemistry, polymers",6
Malta,Basic materials chemistry,5
Malta,"Surface technology, coating",8
Malta,Micro-structural and nano-technology,2
Malta,Chemical engineering,7
Malta,Environmental technology,2
Malta,Handling,3
Malta,Machine tools,11
Malta,"Engines, pumps, turbines",3
Malta,Textile and paper machines,1
Malta,Other special machines,4
Malta,Mechanical elements,2
Malta,Transport,2
Malta,"Furniture, games",17
Malta,Other consumer goods,20
Malta,Civil engineering,13
Marshall Islands,Transport,1
Mauritius,Digital communication,1
Mauritius,Computer technology,2
Mauritius,Analysis of biological materials,2
Mauritius,Control,1
Mauritius,Medical technology,5
Mauritius,Biotechnology,3
Mauritius,Pharmaceuticals,1
Mauritius,"Macromolecular chemistry, polymers",1
Mauritius,"Materials, metallurgy",4
Mauritius,Environmental technology,2
Mauritius,Handling,5
Mauritius,Other special machines,2
Mauritius,Transport,1
Mauritius,Civil engineering,1
Mexico,"Electrical machinery, apparatus, energy",6
Mexico,Audio-visual technology,3
Mexico,Telecommunications,1
Mexico,Digital communication,4
Mexico,Computer technology,3
Mexico,IT methods for management,2
Mexico,Semiconductors,1
Mexico,Optics,5
Mexico,Measurement,6
Mexico,Analysis of biological materials,3
Mexico,Control,3
Mexico,Medical technology,23
Mexico,Organic fine chemistry,26
Mexico,Biotechnology,16
Mexico,Pharmaceuticals,61
Mexico,"Macromolecular chemistry, polymers",11
Mexico,Food chemistry,7
Mexico,Basic materials chemistry,27
Mexico,"Materials, metallurgy",33
Mexico,"Surface technology, coating",8
Mexico,Chemical engineering,20
Mexico,Environmental technology,5
Mexico,Handling,18
Mexico,Machine tools,7
Mexico,"Engines, pumps, turbines",3
Mexico,Textile and paper machines,4
Mexico,Other special machines,24
Mexico,Thermal processes and apparatus,5
Mexico,Mechanical elements,4
Mexico,Transport,4
Mexico,"Furniture, games",7
Mexico,Other consumer goods,3
Mexico,Civil engineering,9
Monaco,Computer technology,5
Monaco,IT methods for management,1
Monaco,Medical technology,8
Monaco,Organic fine chemistry,4
Monaco,Biotechnology,9
Monaco,Pharmaceuticals,25
Monaco,Food chemistry,2
Monaco,"Surface technology, coating",1
Monaco,Environmental technology,1
Monaco,Handling,2
Monaco,Machine tools,1
Monaco,"Engines, pumps, turbines",1
Monaco,Other special machines,6
Monaco,Thermal processes and apparatus,1
Monaco,Mechanical elements,4
Monaco,Transport,7
Monaco,"Furniture, games",6
Monaco,Other consumer goods,2
Monaco,Civil engineering,2
Mongolia,Control,1
Mongolia,"Furniture, games",1
Montenegro,Basic communication processes,1
Morocco,"Electrical machinery, apparatus, energy",7
Morocco,Audio-visual technology,1
Morocco,Telecommunications,2
Morocco,Digital communication,1
Morocco,Basic communication processes,1
Morocco,Computer technology,7
Morocco,IT methods for management,5
Morocco,Measurement,6
Morocco,Analysis of biological materials,1
Morocco,Control,2
Morocco,Medical technology,8
Morocco,Organic fine chemistry,2
Morocco,Biotechnology,3
Morocco,Pharmaceuticals,3
Morocco,Food chemistry,2
Morocco,Basic materials chemistry,10
Morocco,"Materials, metallurgy",10
Morocco,Chemical engineering,6
Morocco,Environmental technology,2
Morocco,Handling,5
Morocco,Machine tools,3
Morocco,"Engines, pumps, turbines",6
Morocco,Textile and paper machines,2
Morocco,Other special machines,6
Morocco,Thermal processes and apparatus,4
Morocco,Mechanical elements,2
Morocco,Transport,3
Morocco,Other consumer goods,5
Morocco,Civil engineering,16
Namibia,Handling,2
Netherlands,Unknown,3
Netherlands,"Electrical machinery, apparatus, energy",1218
Netherlands,Audio-visual technology,390
Netherlands,Telecommunications,286
Netherlands,Digital communication,563
Netherlands,Basic communication processes,215
Netherlands,Computer technology,1211
Netherlands,IT methods for management,67
Netherlands,Semiconductors,559
Netherlands,Optics,964
Netherlands,Measurement,1190
Netherlands,Analysis of biological materials,98
Netherlands,Control,256
Netherlands,Medical technology,2145
Netherlands,Organic fine chemistry,866
Netherlands,Biotechnology,631
Netherlands,Pharmaceuticals,630
Netherlands,"Macromolecular chemistry, polymers",528
Netherlands,Food chemistry,541
Netherlands,Basic materials chemistry,789
Netherlands,"Materials, metallurgy",149
Netherlands,"Surface technology, coating",281
Netherlands,Micro-structural and nano-technology,27
Netherlands,Chemical engineering,493
Netherlands,Environmental technology,246
Netherlands,Handling,652
Netherlands,Machine tools,276
Netherlands,"Engines, pumps, turbines",170
Netherlands,Textile and paper machines,255
Netherlands,Other special machines,1096
Netherlands,Thermal processes and apparatus,169
Netherlands,Mechanical elements,275
Netherlands,Transport,467
Netherlands,"Furniture, games",377
Netherlands,Other consumer goods,496
Netherlands,Civil engineering,651
Netherlands Antilles,Optics,1
Netherlands Antilles,Civil engineering,1
New Zealand,"Electrical machinery, apparatus, energy",73
New Zealand,Audio-visual technology,19
New Zealand,Telecommunications,4
New Zealand,Digital communication,8
New Zealand,Basic communication processes,1
New Zealand,Computer technology,37
New Zealand,IT methods for management,12
New Zealand,Semiconductors,3
New Zealand,Optics,7
New Zealand,Measurement,24
New Zealand,Analysis of biological materials,12
New Zealand,Control,6
New Zealand,Medical technology,390
New Zealand,Organic fine chemistry,14
New Zealand,Biotechnology,60
New Zealand,Pharmaceuticals,50
New Zealand,"Macromolecular chemistry, polymers",2
New Zealand,Food chemistry,32
New Zealand,Basic materials chemistry,10
New Zealand,"Materials, metallurgy",4
New Zealand,"Surface technology, coating",10
New Zealand,Chemical engineering,28
New Zealand,Environmental technology,7
New Zealand,Handling,34
New Zealand,Machine tools,13
New Zealand,"Engines, pumps, turbines",8
New Zealand,Textile and paper machines,4
New Zealand,Other special machines,46
New Zealand,Thermal processes and apparatus,9
New Zealand,Mechanical elements,29
New Zealand,Transport,27
New Zealand,"Furniture, games",34
New Zealand,Other consumer goods,39
New Zealand,Civil engineering,81
Nicaragua,Civil engineering,2
Niger,Digital communication,1
Niger,Biotechnology,1
Nigeria,Other special machines,1
Nigeria,"Furniture, games",1
North Macedonia,Civil engineering,2
Norway,Unknown,2
Norway,"Electrical machinery, apparatus, energy",100
Norway,Audio-visual technology,25
Norway,Telecommunications,75
Norway,Digital communication,58
Norway,Basic communication processes,14
Norway,Computer technology,111
Norway,IT methods for management,16
Norway,Semiconductors,16
Norway,Optics,13
Norway,Measurement,387
Norway,Analysis of biological materials,20
Norway,Control,52
Norway,Medical technology,144
Norway,Organic fine chemistry,36
Norway,Biotechnology,69
Norway,Pharmaceuticals,137
Norway,"Macromolecular chemistry, polymers",22
Norway,Food chemistry,33
Norway,Basic materials chemistry,92
Norway,"Materials, metallurgy",106
Norway,"Surface technology, coating",40
Norway,Chemical engineering,127
Norway,Environmental technology,76
Norway,Handling,119
Norway,Machine tools,59
Norway,"Engines, pumps, turbines",89
Norway,Textile and paper machines,10
Norway,Other special machines,187
Norway,Thermal processes and apparatus,38
Norway,Mechanical elements,207
Norway,Transport,196
Norway,"Furniture, games",95
Norway,Other consumer goods,27
Norway,Civil engineering,666
Oman,Pharmaceuticals,1
Oman,Other special machines,1
Pakistan,Computer technology,1
Pakistan,Control,1
Pakistan,Medical technology,2
Pakistan,Pharmaceuticals,3
Pakistan,Chemical engineering,3
Pakistan,Environmental technology,1
Pakistan,"Engines, pumps, turbines",1
Panama,Computer technology,1
Panama,IT methods for management,2
Panama,Measurement,1
Panama,Control,1
Panama,Pharmaceuticals,2
Panama,Basic materials chemistry,1
Panama,"Surface technology, coating",1
Panama,Handling,1
Panama,Other special machines,3
Panama,Mechanical elements,1
Panama,Transport,3
Paraguay,Other special machines,2
Peru,Medical technology,3
Peru,Pharmaceuticals,1
Peru,Food chemistry,1
Peru,"Materials, metallurgy",1
Peru,Handling,1
Peru,Machine tools,2
Peru,"Engines, pumps, turbines",1
Philippines,"Electrical machinery, apparatus, energy",2
Philippines,Audio-visual technology,2
Philippines,Digital communication,1
Philippines,Basic communication processes,1
Philippines,Computer technology,3
Philippines,Semiconductors,12
Philippines,Optics,4
Philippines,Measurement,3
Philippines,Control,1
Philippines,Medical technology,2
Philippines,Biotechnology,1
Philippines,Pharmaceuticals,1
Philippines,Food chemistry,6
Philippines,Basic materials chemistry,2
Philippines,Handling,1
Philippines,"Engines, pumps, turbines",1
Philippines,Other consumer goods,1
Philippines,Civil engineering,1
Poland,"Electrical machinery, apparatus, energy",209
Poland,Audio-visual technology,36
Poland,Telecommunications,14
Poland,Digital communication,26
Poland,Basic communication processes,12
Poland,Computer technology,51
Poland,IT methods for management,15
Poland,Semiconductors,25
Poland,Optics,32
Poland,Measurement,220
Poland,Analysis of biological materials,57
Poland,Control,39
Poland,Medical technology,229
Poland,Organic fine chemistry,325
Poland,Biotechnology,169
Poland,Pharmaceuticals,204
Poland,"Macromolecular chemistry, polymers",114
Poland,Food chemistry,113
Poland,Basic materials chemistry,215
Poland,"Materials, metallurgy",164
Poland,"Surface technology, coating",107
Poland,Micro-structural and nano-technology,24
Poland,Chemical engineering,174
Poland,Environmental technology,96
Poland,Handling,163
Poland,Machine tools,171
Poland,"Engines, pumps, turbines",99
Poland,Textile and paper machines,71
Poland,Other special machines,216
Poland,Thermal processes and apparatus,131
Poland,Mechanical elements,138
Poland,Transport,212
Poland,"Furniture, games",76
Poland,Other consumer goods,111
Poland,Civil engineering,207
Portugal,"Electrical machinery, apparatus, energy",29
Portugal,Audio-visual technology,7
Portugal,Telecommunications,17
Portugal,Digital communication,16
Portugal,Basic communication processes,4
Portugal,Computer technology,25
Portugal,IT methods for management,2
Portugal,Semiconductors,4
Portugal,Optics,5
Portugal,Measurement,25
Portugal,Analysis of biological materials,7
Portugal,Control,11
Portugal,Medical technology,42
Portugal,Organic fine chemistry,55
Portugal,Biotechnology,27
Portugal,Pharmaceuticals,67
Portugal,"Macromolecular chemistry, polymers",7
Portugal,Food chemistry,13
Portugal,Basic materials chemistry,13
Portugal,"Materials, metallurgy",12
Portugal,"Surface technology, coating",10
Portugal,Micro-structural and nano-technology,3
Portugal,Chemical engineering,16
Portugal,Environmental technology,5
Portugal,Handling,38
Portugal,Machine tools,13
Portugal,"Engines, pumps, turbines",18
Portugal,Textile and paper machines,8
Portugal,Other special machines,29
Portugal,Thermal processes and apparatus,24
Portugal,Mechanical elements,10
Portugal,Transport,26
Portugal,"Furniture, games",60
Portugal,Other consumer goods,11
Portugal,Civil engineering,21
Qatar,"Electrical machinery, apparatus, energy",1
Qatar,Audio-visual technology,2
Qatar,Digital communication,3
Qatar,Computer technology,3
Qatar,Semiconductors,1
Qatar,Measurement,1
Qatar,Pharmaceuticals,1
Qatar,"Macromolecular chemistry, polymers",1
Qatar,Basic materials chemistry,1
Qatar,"Materials, metallurgy",1
Qatar,Chemical engineering,2
Qatar,Environmental technology,4
Qatar,Mechanical elements,1
Qatar,Transport,1
Qatar,Other consumer goods,1
Qatar,Civil engineering,2
South Korea,"Electrical machinery, apparatus, energy",12742
South Korea,Audio-visual technology,8314
South Korea,Telecommunications,3947
South Korea,Digital communication,9626
South Korea,Basic communication processes,958
South Korea,Computer technology,14741
South Korea,IT methods for management,5037
South Korea,Semiconductors,10241
South Korea,Optics,5000
South Korea,Measurement,5993
South Korea,Analysis of biological materials,785
South Korea,Control,3131
South Korea,Medical technology,6727
South Korea,Organic fine chemistry,3038
South Korea,Biotechnology,2469
South Korea,Pharmaceuticals,2677
South Korea,"Macromolecular chemistry, polymers",2567
South Korea,Food chemistry,2545
South Korea,Basic materials chemistry,3046
South Korea,"Materials, metallurgy",2895
South Korea,"Surface technology, coating",2351
South Korea,Micro-structural and nano-technology,152
South Korea,Chemical engineering,3846
South Korea,Environmental technology,2684
South Korea,Handling,3396
South Korea,Machine tools,2853
South Korea,"Engines, pumps, turbines",2547
South Korea,Textile and paper machines,1261
South Korea,Other special machines,5075
South Korea,Thermal processes and apparatus,2995
South Korea,Mechanical elements,3556
South Korea,Transport,6777
South Korea,"Furniture, games",3884
South Korea,Other consumer goods,4295
South Korea,Civil engineering,6744
Republic of Moldova,Audio-visual technology,9
Republic of Moldova,Telecommunications,1
Republic of Moldova,Digital communication,1
Republic of Moldova,Semiconductors,2
Republic of Moldova,Measurement,4
Republic of Moldova,Analysis of biological materials,2
Republic of Moldova,Medical technology,34
Republic of Moldova,Organic fine chemistry,7
Republic of Moldova,Biotechnology,3
Republic of Moldova,Pharmaceuticals,21
Republic of Moldova,"Macromolecular chemistry, polymers",1
Republic of Moldova,Food chemistry,18
Republic of Moldova,Basic materials chemistry,6
Republic of Moldova,"Materials, metallurgy",4
Republic of Moldova,"Surface technology, coating",3
Republic of Moldova,Chemical engineering,6
Republic of Moldova,Environmental technology,3
Republic of Moldova,Machine tools,3
Republic of Moldova,"Engines, pumps, turbines",5
Republic of Moldova,Other special machines,8
Republic of Moldova,Thermal processes and apparatus,1
Republic of Moldova,Mechanical elements,3
Republic of Moldova,Transport,1
Republic of Moldova,"Furniture, games",1
Republic of Moldova,Other consumer goods,1
Republic of Moldova,Civil engineering,24
Romania,"Electrical machinery, apparatus, energy",21
Romania,Audio-visual technology,7
Romania,Telecommunications,4
Romania,Digital communication,2
Romania,Computer technology,6
Romania,Semiconductors,2
Romania,Optics,6
Romania,Measurement,29
Romania,Analysis of biological materials,3
Romania,Control,6
Romania,Medical technology,26
Romania,Organic fine chemistry,5
Romania,Biotechnology,9
Romania,Pharmaceuticals,28
Romania,"Macromolecular chemistry, polymers",11
Romania,Food chemistry,12
Romania,Basic materials chemistry,22
Romania,"Materials, metallurgy",15
Romania,"Surface technology, coating",10
Romania,Micro-structural and nano-technology,7
Romania,Chemical engineering,19
Romania,Environmental technology,20
Romania,Handling,8
Romania,Machine tools,14
Romania,"Engines, pumps, turbines",17
Romania,Textile and paper machines,7
Romania,Other special machines,24
Romania,Thermal processes and apparatus,8
Romania,Mechanical elements,14
Romania,Transport,34
Romania,"Furniture, games",24
Romania,Other consumer goods,6
Romania,Civil engineering,27
Russian Federation,"Electrical machinery, apparatus, energy",687
Russian Federation,Audio-visual technology,113
Russian Federation,Telecommunications,309
Russian Federation,Digital communication,161
Russian Federation,Basic communication processes,139
Russian Federation,Computer technology,690
Russian Federation,IT methods for management,137
Russian Federation,Semiconductors,152
Russian Federation,Optics,154
Russian Federation,Measurement,1577
Russian Federation,Analysis of biological materials,446
Russian Federation,Control,373
Russian Federation,Medical technology,1827
Russian Federation,Organic fine chemistry,315
Russian Federation,Biotechnology,499
Russian Federation,Pharmaceuticals,808
Russian Federation,"Macromolecular chemistry, polymers",182
Russian Federation,Food chemistry,510
Russian Federation,Basic materials chemistry,557
Russian Federation,"Materials, metallurgy",799
Russian Federation,"Surface technology, coating",275
Russian Federation,Micro-structural and nano-technology,137
Russian Federation,Chemical engineering,693
Russian Federation,Environmental technology,421
Russian Federation,Handling,255
Russian Federation,Machine tools,504
Russian Federation,"Engines, pumps, turbines",829
Russian Federation,Textile and paper machines,94
Russian Federation,Other special machines,1096
Russian Federation,Thermal processes and apparatus,350
Russian Federation,Mechanical elements,483
Russian Federation,Transport,1057
Russian Federation,"Furniture, games",206
Russian Federation,Other consumer goods,174
Russian Federation,Civil engineering,1289
Rwanda,Audio-visual technology,1
Saint Kitts and Nevis,Measurement,1
Saint Kitts and Nevis,Analysis of biological materials,1
Saint Kitts and Nevis,Medical technology,1
Saint Kitts and Nevis,Organic fine chemistry,2
Saint Kitts and Nevis,Biotechnology,3
Saint Kitts and Nevis,Pharmaceuticals,2
Saint Kitts and Nevis,"Macromolecular chemistry, polymers",1
Saint Kitts and Nevis,Food chemistry,1
Saint Kitts and Nevis,Basic materials chemistry,5
Saint Kitts and Nevis,Other special machines,1
Saint Lucia,Civil engineering,1
Saint Vincent and the Grenadines,"Materials, metallurgy",1
Samoa,"Electrical machinery, apparatus, energy",2
Samoa,Audio-visual technology,5
Samoa,Telecommunications,1
Samoa,Digital communication,8
Samoa,Computer technology,3
Samoa,IT methods for management,2
Samoa,Semiconductors,17
Samoa,Optics,1
Samoa,Measurement,4
Samoa,Control,1
Samoa,Medical technology,4
Samoa,Biotechnology,4
Samoa,Pharmaceuticals,3
Samoa,Food chemistry,1
Samoa,Micro-structural and nano-technology,1
Samoa,Handling,1
Samoa,Machine tools,1
Samoa,Textile and paper machines,6
Samoa,Other special machines,1
Samoa,Thermal processes and apparatus,1
Samoa,Transport,3
Samoa,"Furniture, games",1
Samoa,Other consumer goods,5
Samoa,Civil engineering,1
San Marino,Digital communication,1
San Marino,Computer technology,2
San Marino,Machine tools,1
San Marino,Transport,2
San Marino,Other consumer goods,3
San Marino,Civil engineering,1
Saudi Arabia,"Electrical machinery, apparatus, energy",57
Saudi Arabia,Audio-visual technology,5
Saudi Arabia,Telecommunications,18
Saudi Arabia,Digital communication,37
Saudi Arabia,Basic communication processes,5
Saudi Arabia,Computer technology,77
Saudi Arabia,IT methods for management,6
Saudi Arabia,Semiconductors,25
Saudi Arabia,Optics,15
Saudi Arabia,Measurement,220
Saudi Arabia,Analysis of biological materials,41
Saudi Arabia,Control,29
Saudi Arabia,Medical technology,36
Saudi Arabia,Organic fine chemistry,83
Saudi Arabia,Biotechnology,12
Saudi Arabia,Pharmaceuticals,47
Saudi Arabia,"Macromolecular chemistry, polymers",48
Saudi Arabia,Food chemistry,2
Saudi Arabia,Basic materials chemistry,359
Saudi Arabia,"Materials, metallurgy",74
Saudi Arabia,"Surface technology, coating",18
Saudi Arabia,Micro-structural and nano-technology,7
Saudi Arabia,Chemical engineering,164
Saudi Arabia,Environmental technology,58
Saudi Arabia,Handling,6
Saudi Arabia,Machine tools,8
Saudi Arabia,"Engines, pumps, turbines",45
Saudi Arabia,Textile and paper machines,9
Saudi Arabia,Other special machines,19
Saudi Arabia,Thermal processes and apparatus,26
Saudi Arabia,Mechanical elements,26
Saudi Arabia,Transport,24
Saudi Arabia,"Furniture, games",3
Saudi Arabia,Other consumer goods,7
Saudi Arabia,Civil engineering,355
Serbia,"Electrical machinery, apparatus, energy",3
Serbia,Audio-visual technology,3
Serbia,Digital communication,2
Serbia,Basic communication processes,1
Serbia,Computer technology,5
Serbia,IT methods for management,1
Serbia,Measurement,2
Serbia,Control,1
Serbia,Medical technology,4
Serbia,Pharmaceuticals,1
Serbia,"Macromolecular chemistry, polymers",1
Serbia,Food chemistry,2
Serbia,Basic materials chemistry,5
Serbia,"Materials, metallurgy",1
Serbia,Chemical engineering,2
Serbia,Environmental technology,1
Serbia,Handling,13
Serbia,Machine tools,1
Serbia,"Engines, pumps, turbines",14
Serbia,Other special machines,12
Serbia,Thermal processes and apparatus,3
Serbia,Mechanical elements,2
Serbia,Transport,1
Serbia,"Furniture, games",4
Serbia,Other consumer goods,4
Serbia,Civil engineering,3
Seychelles,"Electrical machinery, apparatus, energy",8
Seychelles,Audio-visual technology,7
Seychelles,Basic communication processes,1
Seychelles,Computer technology,4
Seychelles,Measurement,1
Seychelles,Medical technology,9
Seychelles,"Surface technology, coating",1
Seychelles,Handling,2
Seychelles,Machine tools,1
Seychelles,Textile and paper machines,1
Seychelles,Mechanical elements,1
Seychelles,Transport,1
Seychelles,"Furniture, games",1
Seychelles,Other consumer goods,1
Sierra Leone,Audio-visual technology,1
Sierra Leone,"Surface technology, coating",1
Singapore,"Electrical machinery, apparatus, energy",190
Singapore,Audio-visual technology,444
Singapore,Telecommunications,202
Singapore,Digital communication,440
Singapore,Basic communication processes,63
Singapore,Computer technology,589
Singapore,IT methods for management,50
Singapore,Semiconductors,319
Singapore,Optics,450
Singapore,Measurement,161
Singapore,Analysis of biological materials,30
Singapore,Control,54
Singapore,Medical technology,159
Singapore,Organic fine chemistry,42
Singapore,Biotechnology,100
Singapore,Pharmaceuticals,100
Singapore,"Macromolecular chemistry, polymers",41
Singapore,Food chemistry,22
Singapore,Basic materials chemistry,35
Singapore,"Materials, metallurgy",27
Singapore,"Surface technology, coating",47
Singapore,Micro-structural and nano-technology,10
Singapore,Chemical engineering,85
Singapore,Environmental technology,53
Singapore,Handling,49
Singapore,Machine tools,45
Singapore,"Engines, pumps, turbines",46
Singapore,Textile and paper machines,32
Singapore,Other special machines,88
Singapore,Thermal processes and apparatus,25
Singapore,Mechanical elements,54
Singapore,Transport,60
Singapore,"Furniture, games",36
Singapore,Other consumer goods,32
Singapore,Civil engineering,107
Slovakia,"Electrical machinery, apparatus, energy",25
Slovakia,Audio-visual technology,1
Slovakia,Telecommunications,5
Slovakia,Digital communication,3
Slovakia,Basic communication processes,1
Slovakia,Computer technology,9
Slovakia,IT methods for management,2
Slovakia,Measurement,12
Slovakia,Analysis of biological materials,1
Slovakia,Control,10
Slovakia,Medical technology,15
Slovakia,Organic fine chemistry,23
Slovakia,Biotechnology,8
Slovakia,Pharmaceuticals,14
Slovakia,"Macromolecular chemistry, polymers",4
Slovakia,Food chemistry,4
Slovakia,Basic materials chemistry,3
Slovakia,"Materials, metallurgy",11
Slovakia,Chemical engineering,6
Slovakia,Environmental technology,20
Slovakia,Handling,9
Slovakia,Machine tools,8
Slovakia,"Engines, pumps, turbines",26
Slovakia,Textile and paper machines,1
Slovakia,Other special machines,20
Slovakia,Thermal processes and apparatus,4
Slovakia,Mechanical elements,13
Slovakia,Transport,14
Slovakia,"Furniture, games",9
Slovakia,Other consumer goods,1
Slovakia,Civil engineering,18
Slovenia,"Electrical machinery, apparatus, energy",39
Slovenia,Audio-visual technology,7
Slovenia,Telecommunications,3
Slovenia,Digital communication,2
Slovenia,Basic communication processes,2
Slovenia,Computer technology,8
Slovenia,IT methods for management,1
Slovenia,Semiconductors,2
Slovenia,Optics,4
Slovenia,Measurement,16
Slovenia,Analysis of biological materials,1
Slovenia,Control,10
Slovenia,Medical technology,56
Slovenia,Organic fine chemistry,18
Slovenia,Biotechnology,15
Slovenia,Pharmaceuticals,12
Slovenia,"Macromolecular chemistry, polymers",1
Slovenia,Food chemistry,4
Slovenia,Basic materials chemistry,4
Slovenia,"Materials, metallurgy",11
Slovenia,"Surface technology, coating",6
Slovenia,Chemical engineering,11
Slovenia,Environmental technology,10
Slovenia,Handling,30
Slovenia,Machine tools,19
Slovenia,"Engines, pumps, turbines",3
Slovenia,Textile and paper machines,2
Slovenia,Other special machines,24
Slovenia,Thermal processes and apparatus,7
Slovenia,Mechanical elements,15
Slovenia,Transport,27
Slovenia,"Furniture, games",39
Slovenia,Other consumer goods,21
Slovenia,Civil engineering,60
Somalia,Transport,1
South Africa,"Electrical machinery, apparatus, energy",12
South Africa,Audio-visual technology,4
South Africa,Telecommunications,8
South Africa,Basic communication processes,3
South Africa,Computer technology,2
South Africa,IT methods for management,3
South Africa,Semiconductors,2
South Africa,Optics,4
South Africa,Measurement,28
South Africa,Analysis of biological materials,7
South Africa,Control,6
South Africa,Medical technology,31
South Africa,Organic fine chemistry,21
South Africa,Biotechnology,13
South Africa,Pharmaceuticals,17
South Africa,"Macromolecular chemistry, polymers",11
South Africa,Food chemistry,2
South Africa,Basic materials chemistry,11
South Africa,"Materials, metallurgy",12
South Africa,"Surface technology, coating",2
South Africa,Chemical engineering,18
South Africa,Environmental technology,8
South Africa,Handling,13
South Africa,Machine tools,6
South Africa,"Engines, pumps, turbines",7
South Africa,Textile and paper machines,3
South Africa,Other special machines,18
South Africa,Thermal processes and apparatus,4
South Africa,Mechanical elements,11
South Africa,Transport,9
South Africa,"Furniture, games",10
South Africa,Other consumer goods,5
South Africa,Civil engineering,24
Spain,"Electrical machinery, apparatus, energy",241
Spain,Audio-visual technology,29
Spain,Telecommunications,57
Spain,Digital communication,41
Spain,Basic communication processes,6
Spain,Computer technology,85
Spain,IT methods for management,10
Spain,Semiconductors,23
Spain,Optics,48
Spain,Measurement,176
Spain,Analysis of biological materials,67
Spain,Control,53
Spain,Medical technology,276
Spain,Organic fine chemistry,156
Spain,Biotechnology,150
Spain,Pharmaceuticals,352
Spain,"Macromolecular chemistry, polymers",45
Spain,Food chemistry,66
Spain,Basic materials chemistry,93
Spain,"Materials, metallurgy",95
Spain,"Surface technology, coating",62
Spain,Micro-structural and nano-technology,9
Spain,Chemical engineering,116
Spain,Environmental technology,51
Spain,Handling,226
Spain,Machine tools,124
Spain,"Engines, pumps, turbines",149
Spain,Textile and paper machines,67
Spain,Other special machines,240
Spain,Thermal processes and apparatus,93
Spain,Mechanical elements,101
Spain,Transport,320
Spain,"Furniture, games",81
Spain,Other consumer goods,69
Spain,Civil engineering,255
Sri Lanka,"Electrical machinery, apparatus, energy",2
Sri Lanka,Measurement,1
Sri Lanka,Medical technology,3
Sri Lanka,Food chemistry,1
Sri Lanka,"Materials, metallurgy",4
Sri Lanka,Textile and paper machines,4
Sri Lanka,Transport,1
Sri Lanka,"Furniture, games",1
Sri Lanka,Other consumer goods,4
Sudan,Analysis of biological materials,1
Sudan,Medical technology,1
Sudan,Pharmaceuticals,1
Sweden,"Electrical machinery, apparatus, energy",382
Sweden,Audio-visual technology,325
Sweden,Telecommunications,813
Sweden,Digital communication,3951
Sweden,Basic communication processes,127
Sweden,Computer technology,678
Sweden,IT methods for management,44
Sweden,Semiconductors,65
Sweden,Optics,88
Sweden,Measurement,509
Sweden,Analysis of biological materials,78
Sweden,Control,287
Sweden,Medical technology,899
Sweden,Organic fine chemistry,198
Sweden,Biotechnology,245
Sweden,Pharmaceuticals,457
Sweden,"Macromolecular chemistry, polymers",43
Sweden,Food chemistry,46
Sweden,Basic materials chemistry,97
Sweden,"Materials, metallurgy",196
Sweden,"Surface technology, coating",96
Sweden,Micro-structural and nano-technology,12
Sweden,Chemical engineering,390
Sweden,Environmental technology,225
Sweden,Handling,293
Sweden,Machine tools,480
Sweden,"Engines, pumps, turbines",378
Sweden,Textile and paper machines,186
Sweden,Other special machines,420
Sweden,Thermal processes and apparatus,343
Sweden,Mechanical elements,747
Sweden,Transport,1280
Sweden,"Furniture, games",327
Sweden,Other consumer goods,357
Sweden,Civil engineering,563
Switzerland,Unknown,4
Switzerland,"Electrical machinery, apparatus, energy",1725
Switzerland,Audio-visual technology,287
Switzerland,Telecommunications,149
Switzerland,Digital communication,379
Switzerland,Basic communication processes,130
Switzerland,Computer technology,611
Switzerland,IT methods for management,100
Switzerland,Semiconductors,219
Switzerland,Optics,230
Switzerland,Measurement,2465
Switzerland,Analysis of biological materials,214
Switzerland,Control,398
Switzerland,Medical technology,2340
Switzerland,Organic fine chemistry,1002
Switzerland,Biotechnology,950
Switzerland,Pharmaceuticals,1450
Switzerland,"Macromolecular chemistry, polymers",384
Switzerland,Food chemistry,429
Switzerland,Basic materials chemistry,615
Switzerland,"Materials, metallurgy",338
Switzerland,"Surface technology, coating",364
Switzerland,Micro-structural and nano-technology,32
Switzerland,Chemical engineering,659
Switzerland,Environmental technology,199
Switzerland,Handling,1309
Switzerland,Machine tools,421
Switzerland,"Engines, pumps, turbines",424
Switzerland,Textile and paper machines,458
Switzerland,Other special machines,659
Switzerland,Thermal processes and apparatus,278
Switzerland,Mechanical elements,457
Switzerland,Transport,572
Switzerland,"Furniture, games",570
Switzerland,Other consumer goods,1603
Switzerland,Civil engineering,506
Syrian Arab Republic,Medical technology,1
Tajikistan,Medical technology,16
Tajikistan,Organic fine chemistry,16
Tajikistan,Pharmaceuticals,8
Tajikistan,Basic materials chemistry,8
Tajikistan,Handling,8
Tajikistan,Transport,8
Tajikistan,Civil engineering,8
Thailand,"Electrical machinery, apparatus, energy",19
Thailand,Audio-visual technology,7
Thailand,Telecommunications,2
Thailand,Digital communication,6
Thailand,Computer technology,15
Thailand,IT methods for management,1
Thailand,Semiconductors,2
Thailand,Optics,35
Thailand,Measurement,5
Thailand,Control,2
Thailand,Medical technology,1
Thailand,Organic fine chemistry,26
Thailand,Biotechnology,8
Thailand,Pharmaceuticals,6
Thailand,"Macromolecular chemistry, polymers",40
Thailand,Food chemistry,16
Thailand,Basic materials chemistry,6
Thailand,"Materials, metallurgy",7
Thailand,"Surface technology, coating",6
Thailand,Chemical engineering,17
Thailand,Environmental technology,3
Thailand,Handling,4
Thailand,Machine tools,1
Thailand,"Engines, pumps, turbines",4
Thailand,Textile and paper machines,2
Thailand,Other special machines,23
Thailand,Thermal processes and apparatus,8
Thailand,Mechanical elements,2
Thailand,Transport,2
Thailand,"Furniture, games",4
Thailand,Other consumer goods,6
Thailand,Civil engineering,7
Trinidad and Tobago,Organic fine chemistry,1
Trinidad and Tobago,Pharmaceuticals,1
Tunisia,Audio-visual technology,1
Tunisia,Transport,1
Turkey,"Electrical machinery, apparatus, energy",23
Turkey,Audio-visual technology,25
Turkey,Telecommunications,29
Turkey,Digital communication,56
Turkey,Basic communication processes,10
Turkey,Computer technology,47
Turkey,IT methods for management,3
Turkey,Semiconductors,8
Turkey,Optics,10
Turkey,Measurement,44
Turkey,Analysis of biological materials,6
Turkey,Control,13
Turkey,Medical technology,75
Turkey,Organic fine chemistry,8
Turkey,Biotechnology,11
Turkey,Pharmaceuticals,37
Turkey,"Macromolecular chemistry, polymers",21
Turkey,Food chemistry,12
Turkey,Basic materials chemistry,21
Turkey,"Materials, metallurgy",11
Turkey,"Surface technology, coating",7
Turkey,Chemical engineering,13
Turkey,Environmental technology,7
Turkey,Handling,26
Turkey,Machine tools,10
Turkey,"Engines, pumps, turbines",19
Turkey,Textile and paper machines,53
Turkey,Other special machines,20
Turkey,Thermal processes and apparatus,43
Turkey,Mechanical elements,41
Turkey,Transport,44
Turkey,"Furniture, games",62
Turkey,Other consumer goods,83
Turkey,Civil engineering,39
Ukraine,"Electrical machinery, apparatus, energy",9
Ukraine,Audio-visual technology,3
Ukraine,Telecommunications,10
Ukraine,Digital communication,3
Ukraine,Computer technology,7
Ukraine,IT methods for management,1
Ukraine,Semiconductors,9
Ukraine,Optics,1
Ukraine,Measurement,3
Ukraine,Control,1
Ukraine,Medical technology,5
Ukraine,Pharmaceuticals,15
Ukraine,"Macromolecular chemistry, polymers",1
Ukraine,Food chemistry,1
Ukraine,Basic materials chemistry,14
Ukraine,"Surface technology, coating",1
Ukraine,Environmental technology,1
Ukraine,Handling,11
Ukraine,Machine tools,3
Ukraine,"Engines, pumps, turbines",13
Ukraine,Other special machines,13
Ukraine,Thermal processes and apparatus,3
Ukraine,Mechanical elements,8
Ukraine,Transport,13
Ukraine,"Furniture, games",8
Ukraine,Other consumer goods,5
Ukraine,Civil engineering,21
United Arab Emirates,"Electrical machinery, apparatus, energy",5
United Arab Emirates,Telecommunications,10
United Arab Emirates,Digital communication,14
United Arab Emirates,Computer technology,27
United Arab Emirates,IT methods for management,2
United Arab Emirates,Semiconductors,2
United Arab Emirates,Optics,3
United Arab Emirates,Measurement,11
United Arab Emirates,Analysis of biological materials,3
United Arab Emirates,Control,3
United Arab Emirates,Medical technology,14
United Arab Emirates,Organic fine chemistry,3
United Arab Emirates,Biotechnology,2
United Arab Emirates,Pharmaceuticals,11
United Arab Emirates,"Macromolecular chemistry, polymers",18
United Arab Emirates,Basic materials chemistry,10
United Arab Emirates,"Materials, metallurgy",3
United Arab Emirates,"Surface technology, coating",5
United Arab Emirates,Chemical engineering,8
United Arab Emirates,Environmental technology,9
United Arab Emirates,Handling,3
United Arab Emirates,Machine tools,7
United Arab Emirates,"Engines, pumps, turbines",3
United Arab Emirates,Other special machines,8
United Arab Emirates,Thermal processes and apparatus,5
United Arab Emirates,Mechanical elements,11
United Arab Emirates,Transport,7
United Arab Emirates,"Furniture, games",3
United Arab Emirates,Other consumer goods,14
United Arab Emirates,Civil engineering,22
United Kingdom,"Electrical machinery, apparatus, energy",1399
United Kingdom,Audio-visual technology,530
United Kingdom,Telecommunications,444
United Kingdom,Digital communication,892
United Kingdom,Basic communication processes,204
United Kingdom,Computer technology,2364
United Kingdom,IT methods for management,186
United Kingdom,Semiconductors,295
United Kingdom,Optics,464
United Kingdom,Measurement,1338
United Kingdom,Analysis of biological materials,229
United Kingdom,Control,359
United Kingdom,Medical technology,1705
United Kingdom,Organic fine chemistry,898
United Kingdom,Biotechnology,793
United Kingdom,Pharmaceuticals,1433
United Kingdom,"Macromolecular chemistry, polymers",177
United Kingdom,Food chemistry,122
United Kingdom,Basic materials chemistry,577
United Kingdom,"Materials, metallurgy",293
United Kingdom,"Surface technology, coating",245
United Kingdom,Micro-structural and nano-technology,44
United Kingdom,Chemical engineering,761
United Kingdom,Environmental technology,449
United Kingdom,Handling,584
United Kingdom,Machine tools,301
United Kingdom,"Engines, pumps, turbines",943
United Kingdom,Textile and paper machines,234
United Kingdom,Other special machines,684
United Kingdom,Thermal processes and apparatus,275
United Kingdom,Mechanical elements,887
United Kingdom,Transport,1387
United Kingdom,"Furniture, games",580
United Kingdom,Other consumer goods,1011
United Kingdom,Civil engineering,1318
United Republic of Tanzania,"Furniture, games",1
USA,Unknown,28
USA,"Electrical machinery, apparatus, energy",12690
USA,Audio-visual technology,8857
USA,Telecommunications,7295
USA,Digital communication,26667
USA,Basic communication processes,2591
USA,Computer technology,43808
USA,IT methods for management,7587
USA,Semiconductors,8584
USA,Optics,5733
USA,Measurement,12542
USA,Analysis of biological materials,2181
USA,Control,6830
USA,Medical technology,25868
USA,Organic fine chemistry,6761
USA,Biotechnology,8833
USA,Pharmaceuticals,12406
USA,"Macromolecular chemistry, polymers",3471
USA,Food chemistry,2250
USA,Basic materials chemistry,5735
USA,"Materials, metallurgy",3196
USA,"Surface technology, coating",3532
USA,Micro-structural and nano-technology,439
USA,Chemical engineering,6158
USA,Environmental technology,2934
USA,Handling,6003
USA,Machine tools,4508
USA,"Engines, pumps, turbines",7368
USA,Textile and paper machines,2748
USA,Other special machines,8905
USA,Thermal processes and apparatus,2557
USA,Mechanical elements,5872
USA,Transport,10735
USA,"Furniture, games",6053
USA,Other consumer goods,4791
USA,Civil engineering,8924
Uruguay,Audio-visual technology,1
Uruguay,Digital communication,2
Uruguay,Computer technology,1
Uruguay,Measurement,1
Uruguay,Organic fine chemistry,1
Uruguay,Biotechnology,2
Uruguay,Pharmaceuticals,5
Uruguay,Chemical engineering,2
Uruguay,Handling,1
Uruguay,"Engines, pumps, turbines",1
Uruguay,Other special machines,3
Uruguay,Thermal processes and apparatus,1
Uruguay,Transport,2
Uruguay,Civil engineering,1
Uzbekistan,"Electrical machinery, apparatus, energy",1
Uzbekistan,Medical technology,10
Uzbekistan,Biotechnology,1
Uzbekistan,Food chemistry,1
Uzbekistan,Basic materials chemistry,8
Uzbekistan,"Materials, metallurgy",1
Uzbekistan,Chemical engineering,3
Uzbekistan,Environmental technology,8
Uzbekistan,Other special machines,2
Uzbekistan,Thermal processes and apparatus,1
Uzbekistan,Transport,1
Uzbekistan,"Furniture, games",1
Venezuela (Bolivarian Republic of),Control,1
Venezuela (Bolivarian Republic of),Medical technology,2
Venezuela (Bolivarian Republic of),Handling,1
Venezuela (Bolivarian Republic of),"Furniture, games",1
Vietnam,"Electrical machinery, apparatus, energy",1
Vietnam,Telecommunications,3
Vietnam,Digital communication,2
Vietnam,Computer technology,4
Vietnam,Semiconductors,1
Vietnam,Optics,1
Vietnam,Measurement,2
Vietnam,Control,1
Vietnam,Medical technology,4
Vietnam,Biotechnology,1
Vietnam,Pharmaceuticals,1
Vietnam,"Materials, metallurgy",1
Vietnam,Micro-structural and nano-technology,1
Vietnam,Chemical engineering,1
Vietnam,Environmental technology,1
Vietnam,"Engines, pumps, turbines",10
Vietnam,Other special machines,3
Vietnam,Thermal processes and apparatus,1
Vietnam,Mechanical elements,1
Vietnam,Transport,1
Vietnam,"Furniture, games",7
Vietnam,Other consumer goods,1
Yugoslavia,Civil engineering,1